{
  "entities": {
    "data": [
      {
        "list_page": null,
        "name": "Slider Item",
        "entityid": "2c0251a2-c919-eb11-a813-000d3a300e5b"
      },
      {
        "list_page": null,
        "name": "Features",
        "entityid": "12e3402d-cb19-eb11-a813-000d3a300e5b"
      },
      {
        "list_page": null,
        "name": "Testimonial",
        "entityid": "bc724186-cb19-eb11-a813-000d3a300e5b"
      },
      {
        "list_page": "d541ff07-4cfc-ea11-a815-000d3a300e5b",
        "name": "Service",
        "entityid": "425566d4-4dfc-ea11-a815-000d3a300e5b"
      },
      {
        "list_page": "a964405a-4cfc-ea11-a815-000d3a300e5b",
        "name": "Project",
        "entityid": "97db0de7-4dfc-ea11-a815-000d3a300e5b"
      },
      {
        "list_page": "8e299990-4cfc-ea11-a815-000d3a300e5b",
        "name": "Leadership",
        "entityid": "625230f6-4dfc-ea11-a815-000d3a300e5b"
      },
      {
        "list_page": "6f1e62bb-4cfc-ea11-a815-000d3a300e5b",
        "name": "Product",
        "entityid": "490b030b-4efc-ea11-a815-000d3a300e5b"
      },
      {
        "list_page": "e29e6b10-4dfc-ea11-a815-000d3a300e5b",
        "name": "Partner",
        "entityid": "62a52715-4efc-ea11-a815-000d3a300e5b"
      }
    ],
    "error": false
  },
  "entity_fields": {
    "data": [
      {
        "name": "Slider Title",
        "entity": "2c0251a2-c919-eb11-a813-000d3a300e5b",
        "entity_fieldid": "b526c1c2-c919-eb11-a813-000d3a300e5b",
        "field_name": "title"
      },
      {
        "name": "Slider Text",
        "entity": "2c0251a2-c919-eb11-a813-000d3a300e5b",
        "entity_fieldid": "b659aacc-c919-eb11-a813-000d3a300e5b",
        "field_name": "text"
      },
      {
        "name": "Slider Button Text",
        "entity": "2c0251a2-c919-eb11-a813-000d3a300e5b",
        "entity_fieldid": "2da0cde4-c919-eb11-a813-000d3a300e5b",
        "field_name": "buttontext"
      },
      {
        "name": "Slider Button Url",
        "entity": "2c0251a2-c919-eb11-a813-000d3a300e5b",
        "entity_fieldid": "ffcee107-ca19-eb11-a813-000d3a300e5b",
        "field_name": "buttonurl"
      },
      {
        "name": "Feature Name",
        "entity": "12e3402d-cb19-eb11-a813-000d3a300e5b",
        "entity_fieldid": "4fd06345-cb19-eb11-a813-000d3a300e5b",
        "field_name": "name"
      },
      {
        "name": "Feature Icon",
        "entity": "12e3402d-cb19-eb11-a813-000d3a300e5b",
        "entity_fieldid": "a315a060-cb19-eb11-a813-000d3a300e5b",
        "field_name": "icon"
      },
      {
        "name": "Feature Text",
        "entity": "12e3402d-cb19-eb11-a813-000d3a300e5b",
        "entity_fieldid": "73f6da67-cb19-eb11-a813-000d3a300e5b",
        "field_name": "text"
      },
      {
        "name": "Testimonial Client",
        "entity": "bc724186-cb19-eb11-a813-000d3a300e5b",
        "entity_fieldid": "a08cae94-cb19-eb11-a813-000d3a300e5b",
        "field_name": "Client"
      },
      {
        "name": "Testimonial Designation",
        "entity": "bc724186-cb19-eb11-a813-000d3a300e5b",
        "entity_fieldid": "caeb2f9f-cb19-eb11-a813-000d3a300e5b",
        "field_name": "Testimonial Designation"
      },
      {
        "name": "Testimonial Text",
        "entity": "bc724186-cb19-eb11-a813-000d3a300e5b",
        "entity_fieldid": "d5174ca5-cb19-eb11-a813-000d3a300e5b",
        "field_name": "Text"
      },
      {
        "name": "Slider Image",
        "entity": "2c0251a2-c919-eb11-a813-000d3a300e5b",
        "entity_fieldid": "03a1d803-e119-eb11-a813-000d3a300e5b",
        "field_name": "image"
      },
      {
        "name": "Slider Title",
        "entity": "2c0251a2-c919-eb11-a813-000d3a300e5b",
        "entity_fieldid": "2c20d99a-061a-eb11-a813-000d3a300e5b",
        "field_name": "title"
      },
      {
        "name": "Testimonial Photo",
        "entity": "bc724186-cb19-eb11-a813-000d3a300e5b",
        "entity_fieldid": "8887ea5f-081a-eb11-a813-000d3a300e5b",
        "field_name": "image"
      },
      {
        "name": "Leadership Name",
        "entity": "625230f6-4dfc-ea11-a815-000d3a300e5b",
        "entity_fieldid": "297d884b-4ffc-ea11-a815-000d3a300e5b",
        "field_name": "Name"
      },
      {
        "name": "Leadership Designation",
        "entity": "625230f6-4dfc-ea11-a815-000d3a300e5b",
        "entity_fieldid": "7de91f58-4ffc-ea11-a815-000d3a300e5b",
        "field_name": "Designation"
      },
      {
        "name": "Leadership Excerpt",
        "entity": "625230f6-4dfc-ea11-a815-000d3a300e5b",
        "entity_fieldid": "fa394883-4ffc-ea11-a815-000d3a300e5b",
        "field_name": "Excerpt"
      },
      {
        "name": "Leadership Biography",
        "entity": "625230f6-4dfc-ea11-a815-000d3a300e5b",
        "entity_fieldid": "96ccab91-4ffc-ea11-a815-000d3a300e5b",
        "field_name": "Biography"
      },
      {
        "name": "Leadership PhotoURL",
        "entity": "625230f6-4dfc-ea11-a815-000d3a300e5b",
        "entity_fieldid": "22568ba0-4ffc-ea11-a815-000d3a300e5b",
        "field_name": "PhotoURL"
      },
      {
        "name": "Partner Name",
        "entity": "62a52715-4efc-ea11-a815-000d3a300e5b",
        "entity_fieldid": "2d56febe-4ffc-ea11-a815-000d3a300e5b",
        "field_name": "Name"
      },
      {
        "name": "Partner ImageUrl",
        "entity": "62a52715-4efc-ea11-a815-000d3a300e5b",
        "entity_fieldid": "5b9dbcd4-4ffc-ea11-a815-000d3a300e5b",
        "field_name": "ImageURL"
      },
      {
        "name": "Product Name",
        "entity": "490b030b-4efc-ea11-a815-000d3a300e5b",
        "entity_fieldid": "205697f8-4ffc-ea11-a815-000d3a300e5b",
        "field_name": "Name"
      },
      {
        "name": "Product Secondary Title",
        "entity": "490b030b-4efc-ea11-a815-000d3a300e5b",
        "entity_fieldid": "cdbdd542-50fc-ea11-a815-000d3a300e5b",
        "field_name": "SecondaryTitle"
      },
      {
        "name": "Product ImageURL",
        "entity": "490b030b-4efc-ea11-a815-000d3a300e5b",
        "entity_fieldid": "5f406355-50fc-ea11-a815-000d3a300e5b",
        "field_name": "ImageURL"
      },
      {
        "name": "Project Name",
        "entity": "97db0de7-4dfc-ea11-a815-000d3a300e5b",
        "entity_fieldid": "93ee0583-50fc-ea11-a815-000d3a300e5b",
        "field_name": "Name"
      },
      {
        "name": "Project Excerpt",
        "entity": "97db0de7-4dfc-ea11-a815-000d3a300e5b",
        "entity_fieldid": "39587699-50fc-ea11-a815-000d3a300e5b",
        "field_name": "Excerpt"
      },
      {
        "name": "Project Detail",
        "entity": "97db0de7-4dfc-ea11-a815-000d3a300e5b",
        "entity_fieldid": "e8f383ad-50fc-ea11-a815-000d3a300e5b",
        "field_name": "Detail"
      },
      {
        "name": "Project ImageUrl",
        "entity": "97db0de7-4dfc-ea11-a815-000d3a300e5b",
        "entity_fieldid": "d4de51ca-50fc-ea11-a815-000d3a300e5b",
        "field_name": "ImageURL"
      },
      {
        "name": "Service Name",
        "entity": "425566d4-4dfc-ea11-a815-000d3a300e5b",
        "entity_fieldid": "8a90c4ec-50fc-ea11-a815-000d3a300e5b",
        "field_name": "Name"
      },
      {
        "name": "Service Excerpt",
        "entity": "425566d4-4dfc-ea11-a815-000d3a300e5b",
        "entity_fieldid": "449dbdfa-50fc-ea11-a815-000d3a300e5b",
        "field_name": "Excerpt"
      },
      {
        "name": "Service Detail",
        "entity": "425566d4-4dfc-ea11-a815-000d3a300e5b",
        "entity_fieldid": "5c32d719-51fc-ea11-a815-000d3a300e5b",
        "field_name": "Detail"
      },
      {
        "name": "Service ImageUrl",
        "entity": "425566d4-4dfc-ea11-a815-000d3a300e5b",
        "entity_fieldid": "10b3e126-51fc-ea11-a815-000d3a300e5b",
        "field_name": "ImageURL"
      }
    ],
    "error": false
  },
  "features": {
    "data": [
      {
        "featureid": "89597f2c-d719-eb11-a813-000d3a300e5b",
        "icon": "https://cms-dashboard.weartisansbd.com/storage/common-point-images/features/1.png",
        "text": "Planning and executing education and outreach to connect high-consequence infrastructure"
      },
      {
        "featureid": "79af1c56-d719-eb11-a813-000d3a300e5b",
        "icon": "https://cms-dashboard.weartisansbd.com/storage/common-point-images/features/2.png",
        "text": "Promoting front-line needs for health and safety providers in community"
      },
      {
        "featureid": "2e4ccb7a-d719-eb11-a813-000d3a300e5b",
        "icon": "https://cms-dashboard.weartisansbd.com/storage/common-point-images/features/3.png",
        "text": "Driving insight and support for modernization, efficiency and positive outcomes"
      },
      {
        "featureid": "3fae9aa8-d719-eb11-a813-000d3a300e5b",
        "icon": "https://cms-dashboard.weartisansbd.com/storage/common-point-images/features/4.png",
        "text": "Building community and public support to preserve our surroundings while driving growth & prosperity"
      }
    ],
    "error": false
  },
  "menus": {
    "data": [
      {
        "detail_page": null,
        "list_page": null,
        "menuid": "a13e4712-c4f9-ea11-a815-000d3a300e5b",
        "name": "Main Menu"
      }
    ],
    "error": false
  },
  "menu_items": {
    "data": [
      {
        "menu": "a13e4712-c4f9-ea11-a815-000d3a300e5b",
        "menu_itemid": "8b898051-0307-eb11-a813-000d3a300e5b",
        "name": "Contract Vehicles",
        "order": 3,
        "page": "a964405a-4cfc-ea11-a815-000d3a300e5b",
        "target_url": 100000000,
        "title": null,
        "url": null
      },
      {
        "menu": null,
        "menu_itemid": "23400cc0-0d3f-eb11-a813-000d3a300e5b",
        "name": "Partners",
        "order": 0,
        "page": "e29e6b10-4dfc-ea11-a815-000d3a300e5b",
        "target_url": 100000000,
        "title": null,
        "url": null
      },
      {
        "menu": null,
        "menu_itemid": "eb7319e4-0d3f-eb11-a813-000d3a300e5b",
        "name": "Career",
        "order": 2,
        "page": "cb2a866d-4efc-ea11-a815-000d3a300e5b",
        "target_url": 100000000,
        "title": null,
        "url": null
      },
      {
        "menu": "a13e4712-c4f9-ea11-a815-000d3a300e5b",
        "menu_itemid": "c89f6e67-df3f-eb11-a813-000d3a300e5b",
        "name": "Products",
        "order": 3,
        "page": "6f1e62bb-4cfc-ea11-a815-000d3a300e5b",
        "target_url": 100000000,
        "title": null,
        "url": null
      },
      {
        "menu": "a13e4712-c4f9-ea11-a815-000d3a300e5b",
        "menu_itemid": "cbfe159f-4efc-ea11-a815-000d3a300e5b",
        "name": "About Us",
        "order": 1,
        "page": "084b912a-da19-eb11-a813-000d3a300e5b",
        "target_url": 100000000,
        "title": null,
        "url": null
      },
      {
        "menu": "a13e4712-c4f9-ea11-a815-000d3a300e5b",
        "menu_itemid": "83d737b6-4efc-ea11-a815-000d3a300e5b",
        "name": "Services",
        "order": 2,
        "page": "d541ff07-4cfc-ea11-a815-000d3a300e5b",
        "target_url": 100000000,
        "title": null,
        "url": null
      },
      {
        "menu": "a13e4712-c4f9-ea11-a815-000d3a300e5b",
        "menu_itemid": "92037f0b-4ffc-ea11-a815-000d3a300e5b",
        "name": "Contact Us",
        "order": 7,
        "page": "b8f5e84e-4efc-ea11-a815-000d3a300e5b",
        "target_url": 100000000,
        "title": null,
        "url": null
      }
    ],
    "error": false
  },
  "pages": {
    "data": [
      {
        "background_color": null,
        "background_image_url": null,
        "description": null,
        "has_sidebar": false,
        "home_page": false,
        "name": "About Us",
        "pageid": "084b912a-da19-eb11-a813-000d3a300e5b",
        "page_url": "/about"
      },
      {
        "background_color": "rgba(11,95,127,.6)",
        "background_image_url": "https://cms-demo.weartisansbd.com/bg4.cfc6bd7d46387fb6af1e.jpg",
        "description": null,
        "has_sidebar": false,
        "home_page": false,
        "name": "Service",
        "pageid": "d541ff07-4cfc-ea11-a815-000d3a300e5b",
        "page_url": "/service"
      },
      {
        "background_color": "rgba(11,95,127,.6)",
        "background_image_url": "https://cms-demo.weartisansbd.com/bg5.035916f461c21cdeebb1.jpg",
        "description": null,
        "has_sidebar": true,
        "home_page": false,
        "name": "Service Detail",
        "pageid": "e31a5b24-4cfc-ea11-a815-000d3a300e5b",
        "page_url": "/service-detail"
      },
      {
        "background_color": "rgba(11,95,127,.6)",
        "background_image_url": "https://cms-demo.weartisansbd.com/bg4.cfc6bd7d46387fb6af1e.jpg",
        "description": null,
        "has_sidebar": false,
        "home_page": false,
        "name": "Project",
        "pageid": "a964405a-4cfc-ea11-a815-000d3a300e5b",
        "page_url": "/project"
      },
      {
        "background_color": "rgba(11,95,127,.6)",
        "background_image_url": "https://cms-demo.weartisansbd.com/bg4.cfc6bd7d46387fb6af1e.jpg",
        "description": null,
        "has_sidebar": true,
        "home_page": false,
        "name": "Project Detail",
        "pageid": "37b03870-4cfc-ea11-a815-000d3a300e5b",
        "page_url": "/project-detail"
      },
      {
        "background_color": "rgba(11,95,127,.6)",
        "background_image_url": "https://cms-demo.weartisansbd.com/bg5.035916f461c21cdeebb1.jpg",
        "description": null,
        "has_sidebar": false,
        "home_page": false,
        "name": "Leadership",
        "pageid": "8e299990-4cfc-ea11-a815-000d3a300e5b",
        "page_url": "/leadership"
      },
      {
        "background_color": "rgba(11,95,127,.6)",
        "background_image_url": "https://cms-demo.weartisansbd.com/bg5.035916f461c21cdeebb1.jpg",
        "description": null,
        "has_sidebar": true,
        "home_page": false,
        "name": "Leadership Detail",
        "pageid": "e63e4aab-4cfc-ea11-a815-000d3a300e5b",
        "page_url": "/leadership-detail"
      },
      {
        "background_color": "rgba(11,95,127,.6)",
        "background_image_url": "https://cms-demo.weartisansbd.com/bg5.035916f461c21cdeebb1.jpg",
        "description": null,
        "has_sidebar": false,
        "home_page": false,
        "name": "Products",
        "pageid": "6f1e62bb-4cfc-ea11-a815-000d3a300e5b",
        "page_url": "/product"
      },
      {
        "background_color": "rgba(11,95,127,.6)",
        "background_image_url": "https://cms-demo.weartisansbd.com/bg5.035916f461c21cdeebb1.jpg",
        "description": null,
        "has_sidebar": true,
        "home_page": false,
        "name": "Product Detail",
        "pageid": "1141e9d5-4cfc-ea11-a815-000d3a300e5b",
        "page_url": "/product-detail"
      },
      {
        "background_color": "rgba(11,95,127,.6)",
        "background_image_url": "https://cms-demo.weartisansbd.com/bg4.cfc6bd7d46387fb6af1e.jpg",
        "description": null,
        "has_sidebar": false,
        "home_page": false,
        "name": "Partners",
        "pageid": "e29e6b10-4dfc-ea11-a815-000d3a300e5b",
        "page_url": "/partner"
      },
      {
        "background_color": "rgba(11,95,127,.6)",
        "background_image_url": "https://cms-demo.weartisansbd.com/bg4.cfc6bd7d46387fb6af1e.jpg",
        "description": null,
        "has_sidebar": true,
        "home_page": false,
        "name": "Partner Detail",
        "pageid": "7f444b27-4dfc-ea11-a815-000d3a300e5b",
        "page_url": "/partner-detail"
      },
      {
        "background_color": "rgba(11,95,127,.6)",
        "background_image_url": "https://cms-demo.weartisansbd.com/bg4.cfc6bd7d46387fb6af1e.jpg",
        "description": null,
        "has_sidebar": false,
        "home_page": false,
        "name": "Contact Us",
        "pageid": "b8f5e84e-4efc-ea11-a815-000d3a300e5b",
        "page_url": "/contact-us"
      },
      {
        "background_color": null,
        "background_image_url": null,
        "description": null,
        "has_sidebar": false,
        "home_page": true,
        "name": "Home",
        "pageid": "246d315e-4efc-ea11-a815-000d3a300e5b",
        "page_url": "/home"
      },
      {
        "background_color": "rgba(11,95,127,.6)",
        "background_image_url": "https://cms-demo.weartisansbd.com/bg4.cfc6bd7d46387fb6af1e.jpg",
        "description": null,
        "has_sidebar": false,
        "home_page": false,
        "name": "Career",
        "pageid": "cb2a866d-4efc-ea11-a815-000d3a300e5b",
        "page_url": "/career"
      },
      {
        "background_color": "rgba(11,95,127,.6)",
        "background_image_url": "http://cms-d365.weartisansbd.com/bg5.035916f461c21cdeebb1.jpg",
        "description": null,
        "has_sidebar": false,
        "home_page": false,
        "name": "Payment",
        "pageid": "d12de4e0-d7fc-ea11-a815-000d3a300e5b",
        "page_url": "/payment"
      }
    ],
    "error": false
  },
  "page_widgets": {
    "data": [
      {
        "button_text": null,
        "button_url": null,
        "card_type": 100000003,
        "carousel_type": null,
        "custom_css_class": null,
        "data_type": 100000000,
        "dynamic_button_url": true,
        "enable_pagination": false,
        "entity": null,
        "html": null,
        "icon_field": null,
        "image_field": null,
        "list_type": 100000000,
        "max_item_per_page": null,
        "name": "About US",
        "order_by_field": null,
        "page": "084b912a-da19-eb11-a813-000d3a300e5b",
        "page_widgetid": "8a29de48-da19-eb11-a813-000d3a300e5b",
        "rich_text": "<div data-wrapper=\"true\" style=\"font-size:14px;font-family:'Segoe UI','Helvetica Neue',sans-serif;\">\n<div>\n<p>MERP was founded by individuals with a high pedigree of IT experience and with a philosophy that resolving complex business problems requires refined consulting acumen and strong technical wherewithal. Having superior technical competency is only part of any solution. Understanding the unique business challenges and client's goals are prerequisites for successful program management, effective delivery and sustained growth.</p>\n\n<p>At MERP Systems, our consultative approach to business and IT challenges addresses and integrates all the key variables to ensure successful program implementation and ease of use. Our relationships typically start with smaller IT service engagements. MERP uses a custom platform orientation created by professionals with great expertise in telecommunications and database management coupled with advanced financial and cost accounting experience.</p>\n\n<p>Our in-depth knowledge of Government, commercial and nonprofit business dynamics enables us to identify and use a best practices approach to solve evolving business challenges. This wide expertise mix helps MERP to assimilate proven standards used by various vertical markets and integrate these solutions into our customer's needs and goals.</p>\n</div>\n</div>\n\n\n",
        "rich_text_box_image_url": "assets/images/abt.png",
        "rich_text_box_type": null,
        "rich_text_box_video_url": null,
        "rich_text_title": null,
        "show_in": 100000000,
        "show_widget_title": false,
        "text_field": null,
        "title": null,
        "title_field": null,
        "type": null,
        "widget_order": 0
      },
      {
        "button_text": "Read More",
        "button_url": "/about",
        "card_type": 100000003,
        "carousel_type": 100000000,
        "custom_css_class": "homepage-top-carousel",
        "data_type": 100000001,
        "dynamic_button_url": false,
        "enable_pagination": false,
        "entity": "2c0251a2-c919-eb11-a813-000d3a300e5b",
        "html": null,
        "icon_field": null,
        "image_field": "03a1d803-e119-eb11-a813-000d3a300e5b",
        "list_type": 100000000,
        "max_item_per_page": null,
        "name": "Slider",
        "order_by_field": null,
        "page": "246d315e-4efc-ea11-a815-000d3a300e5b",
        "page_widgetid": "faa21f19-de19-eb11-a813-000d3a300e5b",
        "rich_text": null,
        "rich_text_box_image_url": null,
        "rich_text_box_type": null,
        "rich_text_box_video_url": null,
        "rich_text_title": null,
        "show_in": 100000000,
        "show_widget_title": false,
        "text_field": "b659aacc-c919-eb11-a813-000d3a300e5b",
        "title": null,
        "title_field": "b526c1c2-c919-eb11-a813-000d3a300e5b",
        "type": 100000000,
        "widget_order": 0
      },
      {
        "button_text": null,
        "button_url": null,
        "card_type": 100000002,
        "carousel_type": null,
        "custom_css_class": "homepage-services",
        "data_type": 100000001,
        "dynamic_button_url": true,
        "enable_pagination": true,
        "entity": "425566d4-4dfc-ea11-a815-000d3a300e5b",
        "html": null,
        "icon_field": null,
        "image_field": "10b3e126-51fc-ea11-a815-000d3a300e5b",
        "list_type": 100000000,
        "max_item_per_page": 8,
        "name": "Services",
        "order_by_field": null,
        "page": "246d315e-4efc-ea11-a815-000d3a300e5b",
        "page_widgetid": "6b999ad4-e319-eb11-a813-000d3a300e5b",
        "rich_text": null,
        "rich_text_box_image_url": null,
        "rich_text_box_type": null,
        "rich_text_box_video_url": null,
        "rich_text_title": null,
        "show_in": 100000000,
        "show_widget_title": true,
        "text_field": "449dbdfa-50fc-ea11-a815-000d3a300e5b",
        "title": null,
        "title_field": "8a90c4ec-50fc-ea11-a815-000d3a300e5b",
        "type": 100000001,
        "widget_order": 4
      },
      {
        "button_text": null,
        "button_url": null,
        "card_type": 100000003,
        "carousel_type": 100000002,
        "custom_css_class": "homepage-clients",
        "data_type": 100000001,
        "dynamic_button_url": true,
        "enable_pagination": false,
        "entity": "62a52715-4efc-ea11-a815-000d3a300e5b",
        "html": null,
        "icon_field": null,
        "image_field": "5b9dbcd4-4ffc-ea11-a815-000d3a300e5b",
        "list_type": 100000000,
        "max_item_per_page": null,
        "name": "Partners",
        "order_by_field": null,
        "page": "246d315e-4efc-ea11-a815-000d3a300e5b",
        "page_widgetid": "21400205-e919-eb11-a813-000d3a300e5b",
        "rich_text": null,
        "rich_text_box_image_url": null,
        "rich_text_box_type": null,
        "rich_text_box_video_url": null,
        "rich_text_title": null,
        "show_in": 100000000,
        "show_widget_title": true,
        "text_field": null,
        "title": null,
        "title_field": "2d56febe-4ffc-ea11-a815-000d3a300e5b",
        "type": 100000000,
        "widget_order": 6
      },
      {
        "button_text": null,
        "button_url": null,
        "card_type": 100000003,
        "carousel_type": null,
        "custom_css_class": null,
        "data_type": 100000000,
        "dynamic_button_url": true,
        "enable_pagination": false,
        "entity": null,
        "html": null,
        "icon_field": null,
        "image_field": null,
        "list_type": 100000000,
        "max_item_per_page": null,
        "name": "Our Philosophy",
        "order_by_field": null,
        "page": "246d315e-4efc-ea11-a815-000d3a300e5b",
        "page_widgetid": "c773f43b-f83e-eb11-a813-000d3a300e5b",
        "rich_text": "<div data-wrapper=\"true\" style=\"font-size:14px;font-family:'Segoe UI','Helvetica Neue',sans-serif;\">\n<div>MERP was founded by professional scientists and information technologists possessing a rich mix of science, government and IT experience. Our unique expertise translates to accurate, timely, cost effective and credible IT solutions to the customer. Superior technical competency is only part of the success equation. We understand the unique challenges government entities face as they strive to meet mission critical objectives while balancing fiscal considerations, transitions, administrative change overs, reorganizations, governance and other priorities and constraints.</div>\n\n<div>&nbsp;</div>\n\n<div>At MERP Systems, our integrative approach to merging science, business and IT ensures successful and low risk solution deployment. MERP Systems Inc. leverages custom platforms as well as best of breed open systems architectures to develop sound and reliable databases, websites and infrastructure and content management systems.</div>\n\n<div>&nbsp;</div>\n\n<div>Our in-depth knowledge of US Federal, State and local Government, commercial and nonprofit business enables us to identify and undertake best practices for solving perplexing government business challenges.</div>\n\n<div><br>\nOur staff is comprised of both veteran (former) Federal staff members and professional consultants with the right stuff to deliver solutions that reflect your organizational brand and complies with applicable Federal standards, mandates and regulations.</div>\n</div>\n\n\n",
        "rich_text_box_image_url": null,
        "rich_text_box_type": null,
        "rich_text_box_video_url": null,
        "rich_text_title": null,
        "show_in": 100000000,
        "show_widget_title": true,
        "text_field": null,
        "title": null,
        "title_field": null,
        "type": null,
        "widget_order": 1
      },
      {
        "button_text": null,
        "button_url": null,
        "card_type": 100000003,
        "carousel_type": null,
        "custom_css_class": null,
        "data_type": 100000000,
        "dynamic_button_url": true,
        "enable_pagination": false,
        "entity": null,
        "html": null,
        "icon_field": null,
        "image_field": null,
        "list_type": 100000000,
        "max_item_per_page": null,
        "name": "Certifications & Contracts",
        "order_by_field": null,
        "page": "246d315e-4efc-ea11-a815-000d3a300e5b",
        "page_widgetid": "5219680e-f93e-eb11-a813-000d3a300e5b",
        "rich_text": "<div data-wrapper=\"true\" style=\"font-size:14px;font-family:'Segoe UI','Helvetica Neue',sans-serif;\">\n<div>\n<ul>\n\t<li>CMMI Level 3 SVC</li>\n\t<li>SBA 8(a) Certified</li>\n\t<li>GSA Schedule 70: Contract # GS-35F-409CA</li>\n\t<li>Small, Women-owned Minority Disadvantaged Business Enterprise (SWaM) with Commonwealth of Virginia</li>\n\t<li>Disadvantaged Business Enterprise (DBE) with Metropolitan Washington Unified Certification Program (MWUCP) and with Washington Metropolitan Area Transit Authority.</li>\n\t<li>Local Disadvantaged Business Enterprise (LDBE) with Metropolitan Washington Airport Authority</li>\n\t<li>eVerify</li>\n\t<li>CIO-SP3 Team Partner with PSI International, Inc</li>\n</ul>\n</div>\n</div>\n\n\n",
        "rich_text_box_image_url": "assets/images/6.png",
        "rich_text_box_type": null,
        "rich_text_box_video_url": null,
        "rich_text_title": null,
        "show_in": 100000000,
        "show_widget_title": true,
        "text_field": null,
        "title": null,
        "title_field": null,
        "type": null,
        "widget_order": 2
      },
      {
        "button_text": null,
        "button_url": null,
        "card_type": 100000003,
        "carousel_type": null,
        "custom_css_class": null,
        "data_type": 100000003,
        "dynamic_button_url": true,
        "enable_pagination": false,
        "entity": null,
        "html": "<section class=\"features-section background-3 my-5\">\n  <div class=\"container\">\n    <div class=\"row\">\n      <div class=\"col-12\">\n        <p class=\"contact-button text-center text-light\">\n          <span>More information about us? We look forward to hear from you.</span>\n          <a dynamic-target href=\"/contact-us\" class=\"btn bg-light text-primary rounded-pill\">Contact Us</a>\n        </p>\n      </div>\n    </div>\n  </div>\n</section>",
        "icon_field": null,
        "image_field": null,
        "list_type": 100000000,
        "max_item_per_page": null,
        "name": "Contact Us Area",
        "order_by_field": null,
        "page": "246d315e-4efc-ea11-a815-000d3a300e5b",
        "page_widgetid": "441d7da1-fe3e-eb11-a813-000d3a300e5b",
        "rich_text": null,
        "rich_text_box_image_url": null,
        "rich_text_box_type": null,
        "rich_text_box_video_url": null,
        "rich_text_title": null,
        "show_in": 100000000,
        "show_widget_title": false,
        "text_field": null,
        "title": null,
        "title_field": null,
        "type": null,
        "widget_order": 3
      },
      {
        "button_text": null,
        "button_url": null,
        "card_type": 100000003,
        "carousel_type": null,
        "custom_css_class": null,
        "data_type": 100000003,
        "dynamic_button_url": true,
        "enable_pagination": false,
        "entity": null,
        "html": "<section class=\"jobs-area my-5\">\n  <div class=\"container\">\n    <div class=\"row\">\n      <div class=\"col-12\">\n        <p class=\"contact-button text-center text-light\">\n          <span>MERP has job openings for the well experienced, well qualified, IT professionals looking for a career change.          </span>\n          <a dynamic-target href=\"/career\" class=\"btn bg-light text-primary rounded-pill\">Join Us</a>\n        </p>\n      </div>\n    </div>\n  </div>\n</section>",
        "icon_field": null,
        "image_field": null,
        "list_type": 100000000,
        "max_item_per_page": null,
        "name": "Jobs",
        "order_by_field": null,
        "page": "246d315e-4efc-ea11-a815-000d3a300e5b",
        "page_widgetid": "6160c266-043f-eb11-a813-000d3a300e5b",
        "rich_text": null,
        "rich_text_box_image_url": null,
        "rich_text_box_type": null,
        "rich_text_box_video_url": null,
        "rich_text_title": null,
        "show_in": 100000000,
        "show_widget_title": false,
        "text_field": null,
        "title": null,
        "title_field": null,
        "type": null,
        "widget_order": 5
      },
      {
        "button_text": "Read More",
        "button_url": null,
        "card_type": 100000001,
        "carousel_type": null,
        "custom_css_class": null,
        "data_type": 100000001,
        "dynamic_button_url": true,
        "enable_pagination": true,
        "entity": "625230f6-4dfc-ea11-a815-000d3a300e5b",
        "html": null,
        "icon_field": null,
        "image_field": "22568ba0-4ffc-ea11-a815-000d3a300e5b",
        "list_type": 100000000,
        "max_item_per_page": 4,
        "name": "Leadership",
        "order_by_field": null,
        "page": "084b912a-da19-eb11-a813-000d3a300e5b",
        "page_widgetid": "a8b17d68-063f-eb11-a813-000d3a300e5b",
        "rich_text": null,
        "rich_text_box_image_url": null,
        "rich_text_box_type": null,
        "rich_text_box_video_url": null,
        "rich_text_title": null,
        "show_in": 100000000,
        "show_widget_title": true,
        "text_field": "fa394883-4ffc-ea11-a815-000d3a300e5b",
        "title": null,
        "title_field": "297d884b-4ffc-ea11-a815-000d3a300e5b",
        "type": 100000001,
        "widget_order": 1
      },
      {
        "button_text": "Current Opening",
        "button_url": "https://www.indeed.com",
        "card_type": 100000003,
        "carousel_type": null,
        "custom_css_class": null,
        "data_type": 100000000,
        "dynamic_button_url": true,
        "enable_pagination": false,
        "entity": null,
        "html": null,
        "icon_field": null,
        "image_field": null,
        "list_type": 100000000,
        "max_item_per_page": null,
        "name": "Why Us?",
        "order_by_field": null,
        "page": "cb2a866d-4efc-ea11-a815-000d3a300e5b",
        "page_widgetid": "069ca539-54fc-ea11-a815-000d3a300e5b",
        "rich_text": "\n<div data-wrapper=\"true\" style=\"font-size: 14px; font-family: &quot;Segoe UI&quot;, &quot;Helvetica Neue&quot;, sans-serif;\">\n<div>\n<h3>Kaiser Medical Coverage</h3>\n\n<p>• Benefits plan year runs from September 1st through August 31st of next year.</p>\n\n<p>• MERP Systems contributes 60% towards the cost of employees’ medical coverage. Employees have option to add dependents to their medical insurance at their own cost.</p>\n\n<p>• 3 comprehensive health plan options from Kaiser to choose from – Platinum, Gold and Silver metal levels. 0% coinsurance on Platinum and Gold; 30% coinsurance on the Silver plan. Most common medical services are covered at the copay before the deductible. Visit Kaiser facilities to get care.</p>\n\n<p>• Complete Benefit Summaries are available through HR Connection portal – MERP Systems HR Connection portal can be accessed from desktop PC, laptop, or a mobile device. Go to www.hrconnection.com to log in. Contact BFS Benefits at 703-610-4094 if you need help retrieving your login information or resetting your password.</p>\n\n<p>&nbsp;</p>\n\n<h3>Guardian Dental and Vision</h3>\n\n<p>• Robust plans providing access to a rich PPO network and helping you save a major part of your out-of-pocket costs for dental and eye care services.</p>\n\n<p>• Coverage is voluntary. MERP Systems does not contribute toward the cost of dental and vision plans.</p>\n\n<p>• Earn College Tuition Rewards – annual enrolment in Dental plan earns you 2,000 Tuition points (1 Reward = $1 in tuition reduction). A vast network of Private Colleges and Universities.</p>\n\n<p>• To find providers in-network go to www.guardiananytime.com and click on Find a Provider Dental PPO Network – DentalGuard Preferred Vision PPO Network – VSP Choice</p>\n\n<h3>Long Term Disability</h3>\n\n<p>• Waiting period of 90 days for disability due to both injury and illness</p>\n\n<p>• Benefit duration – up to Social Security Normal Retirement Age</p>\n\n<p>• Plan protects 60% of your earnings up to $6,000/month</p>\n\n<h3>Short Term Disability</h3>\n\n<p>• Waiting period of 7 days for disability due to both injury and illness</p>\n\n<p>• Benefit duration – 12 weeks</p>\n\n<p>• Plan protects 60% of your earnings up to $1,000/week</p>\n\n<h3>Basic Term Life Insurance</h3>\n\n<p>• Life benefit of $20,000 for all full-time employees</p>\n\n<p>• Accidental Death and Dismemberment included equal to a Life benefit</p>\n\n<h3>Employee Assistance Program</h3>\n\n<p>• The Employee Assistance Program (EAP) is offered to all employees and immediate family members of MERP Systems through Guardian.</p>\n\n<p>• Completely confidential counseling program that covers issues such as marital and family concerns, depression, substance abuse, grief and loss, financial entanglements and other personal stressors.</p>\n\n<p>• Contact Guardian EAP toll-free at 800-386-7055, or you can visit their website at www.ibhworklife.com, User Name: Matters; Password: wlm70101</p>\n</div>\n</div>\n\n\n",
        "rich_text_box_image_url": null,
        "rich_text_box_type": null,
        "rich_text_box_video_url": null,
        "rich_text_title": null,
        "show_in": null,
        "show_widget_title": true,
        "text_field": null,
        "title": null,
        "title_field": null,
        "type": null,
        "widget_order": null
      },
      {
        "button_text": null,
        "button_url": null,
        "card_type": 100000003,
        "carousel_type": null,
        "custom_css_class": null,
        "data_type": 100000000,
        "dynamic_button_url": true,
        "enable_pagination": false,
        "entity": null,
        "html": null,
        "icon_field": null,
        "image_field": null,
        "list_type": 100000000,
        "max_item_per_page": null,
        "name": "Our Addresses",
        "order_by_field": null,
        "page": "b8f5e84e-4efc-ea11-a815-000d3a300e5b",
        "page_widgetid": "04a378a8-54fc-ea11-a815-000d3a300e5b",
        "rich_text": "<div data-wrapper=\"true\" style=\"font-size: 14px; font-family: &quot;Segoe UI&quot;, &quot;Helvetica Neue&quot;, sans-serif;\">\n<div>\n<div>\n<p>If you need any info please dont hesitate to contact us.</p>\n</div>\n\n<h4>Address</h4>\n\n<p>MERP Systems Inc.<br>\n2201 Cooperative Way<br>\nHerndon,VA 20171</p>\n\n<h4>Contact Number</h4>\n\n<p>Prem Nair<br>\nPartner, MERP Systems, Inc.<br>\n<a href=\"#\">703-501-3443</a></p>\n\n<h4>Email</h4>\n\n<p><a href=\"mailto:info@merpsystems.com\">info@merpsystems.com</a><br>\n<a href=\"mailto:pnair@merpsystems.com\">pnair@merpsystems.com</a></p>\n</div>\n\n<div>\n<div>\n<div>&nbsp;</div>\n</div>\n</div>\n</div>\n\n\n",
        "rich_text_box_image_url": null,
        "rich_text_box_type": null,
        "rich_text_box_video_url": null,
        "rich_text_title": null,
        "show_in": 100000000,
        "show_widget_title": false,
        "text_field": null,
        "title": null,
        "title_field": null,
        "type": null,
        "widget_order": null
      },
      {
        "button_text": "Read More",
        "button_url": null,
        "card_type": 100000001,
        "carousel_type": null,
        "custom_css_class": "leadership-team-widget",
        "data_type": 100000001,
        "dynamic_button_url": true,
        "enable_pagination": true,
        "entity": "625230f6-4dfc-ea11-a815-000d3a300e5b",
        "html": null,
        "icon_field": null,
        "image_field": "22568ba0-4ffc-ea11-a815-000d3a300e5b",
        "list_type": 100000000,
        "max_item_per_page": 4,
        "name": "Our Team",
        "order_by_field": null,
        "page": "8e299990-4cfc-ea11-a815-000d3a300e5b",
        "page_widgetid": "2df73057-57fc-ea11-a815-000d3a300e5b",
        "rich_text": null,
        "rich_text_box_image_url": null,
        "rich_text_box_type": null,
        "rich_text_box_video_url": null,
        "rich_text_title": null,
        "show_in": 100000000,
        "show_widget_title": true,
        "text_field": null,
        "title": null,
        "title_field": "297d884b-4ffc-ea11-a815-000d3a300e5b",
        "type": 100000001,
        "widget_order": null
      },
      {
        "button_text": null,
        "button_url": null,
        "card_type": 100000003,
        "carousel_type": null,
        "custom_css_class": null,
        "data_type": 100000001,
        "dynamic_button_url": true,
        "enable_pagination": false,
        "entity": "625230f6-4dfc-ea11-a815-000d3a300e5b",
        "html": null,
        "icon_field": null,
        "image_field": "22568ba0-4ffc-ea11-a815-000d3a300e5b",
        "list_type": 100000000,
        "max_item_per_page": null,
        "name": "Leadership Detail",
        "order_by_field": null,
        "page": "e63e4aab-4cfc-ea11-a815-000d3a300e5b",
        "page_widgetid": "76105ca0-57fc-ea11-a815-000d3a300e5b",
        "rich_text": null,
        "rich_text_box_image_url": null,
        "rich_text_box_type": null,
        "rich_text_box_video_url": null,
        "rich_text_title": null,
        "show_in": 100000000,
        "show_widget_title": false,
        "text_field": "96ccab91-4ffc-ea11-a815-000d3a300e5b",
        "title": null,
        "title_field": "297d884b-4ffc-ea11-a815-000d3a300e5b",
        "type": 100000004,
        "widget_order": null
      },
      {
        "button_text": "View",
        "button_url": null,
        "card_type": 100000003,
        "carousel_type": null,
        "custom_css_class": "sidebar-list",
        "data_type": 100000001,
        "dynamic_button_url": true,
        "enable_pagination": false,
        "entity": "625230f6-4dfc-ea11-a815-000d3a300e5b",
        "html": null,
        "icon_field": null,
        "image_field": "22568ba0-4ffc-ea11-a815-000d3a300e5b",
        "list_type": 100000001,
        "max_item_per_page": 5,
        "name": "Other members",
        "order_by_field": null,
        "page": "e63e4aab-4cfc-ea11-a815-000d3a300e5b",
        "page_widgetid": "7ab0abe6-57fc-ea11-a815-000d3a300e5b",
        "rich_text": null,
        "rich_text_box_image_url": null,
        "rich_text_box_type": null,
        "rich_text_box_video_url": null,
        "rich_text_title": null,
        "show_in": 100000001,
        "show_widget_title": true,
        "text_field": null,
        "title": null,
        "title_field": "297d884b-4ffc-ea11-a815-000d3a300e5b",
        "type": 100000003,
        "widget_order": null
      },
      {
        "button_text": null,
        "button_url": null,
        "card_type": 100000001,
        "carousel_type": null,
        "custom_css_class": null,
        "data_type": 100000001,
        "dynamic_button_url": true,
        "enable_pagination": true,
        "entity": "62a52715-4efc-ea11-a815-000d3a300e5b",
        "html": null,
        "icon_field": null,
        "image_field": "5b9dbcd4-4ffc-ea11-a815-000d3a300e5b",
        "list_type": 100000000,
        "max_item_per_page": 6,
        "name": "Our Partners",
        "order_by_field": null,
        "page": "e29e6b10-4dfc-ea11-a815-000d3a300e5b",
        "page_widgetid": "c062f84e-58fc-ea11-a815-000d3a300e5b",
        "rich_text": null,
        "rich_text_box_image_url": null,
        "rich_text_box_type": null,
        "rich_text_box_video_url": null,
        "rich_text_title": null,
        "show_in": 100000000,
        "show_widget_title": false,
        "text_field": null,
        "title": null,
        "title_field": "2d56febe-4ffc-ea11-a815-000d3a300e5b",
        "type": 100000001,
        "widget_order": null
      },
      {
        "button_text": null,
        "button_url": null,
        "card_type": 100000003,
        "carousel_type": null,
        "custom_css_class": null,
        "data_type": 100000001,
        "dynamic_button_url": true,
        "enable_pagination": false,
        "entity": "62a52715-4efc-ea11-a815-000d3a300e5b",
        "html": null,
        "icon_field": null,
        "image_field": "5b9dbcd4-4ffc-ea11-a815-000d3a300e5b",
        "list_type": 100000000,
        "max_item_per_page": null,
        "name": "Partner Detail",
        "order_by_field": null,
        "page": "7f444b27-4dfc-ea11-a815-000d3a300e5b",
        "page_widgetid": "d7665b8f-58fc-ea11-a815-000d3a300e5b",
        "rich_text": null,
        "rich_text_box_image_url": null,
        "rich_text_box_type": null,
        "rich_text_box_video_url": null,
        "rich_text_title": null,
        "show_in": 100000000,
        "show_widget_title": true,
        "text_field": null,
        "title": null,
        "title_field": "2d56febe-4ffc-ea11-a815-000d3a300e5b",
        "type": 100000004,
        "widget_order": null
      },
      {
        "button_text": null,
        "button_url": null,
        "card_type": 100000003,
        "carousel_type": null,
        "custom_css_class": null,
        "data_type": 100000001,
        "dynamic_button_url": true,
        "enable_pagination": false,
        "entity": "490b030b-4efc-ea11-a815-000d3a300e5b",
        "html": null,
        "icon_field": null,
        "image_field": "5f406355-50fc-ea11-a815-000d3a300e5b",
        "list_type": 100000000,
        "max_item_per_page": null,
        "name": "Product Detail",
        "order_by_field": null,
        "page": "1141e9d5-4cfc-ea11-a815-000d3a300e5b",
        "page_widgetid": "f5f79fdd-58fc-ea11-a815-000d3a300e5b",
        "rich_text": null,
        "rich_text_box_image_url": null,
        "rich_text_box_type": null,
        "rich_text_box_video_url": null,
        "rich_text_title": null,
        "show_in": 100000000,
        "show_widget_title": true,
        "text_field": "cdbdd542-50fc-ea11-a815-000d3a300e5b",
        "title": null,
        "title_field": "205697f8-4ffc-ea11-a815-000d3a300e5b",
        "type": 100000004,
        "widget_order": null
      },
      {
        "button_text": "View",
        "button_url": null,
        "card_type": 100000003,
        "carousel_type": null,
        "custom_css_class": null,
        "data_type": 100000001,
        "dynamic_button_url": true,
        "enable_pagination": false,
        "entity": "490b030b-4efc-ea11-a815-000d3a300e5b",
        "html": null,
        "icon_field": null,
        "image_field": null,
        "list_type": 100000001,
        "max_item_per_page": 5,
        "name": "Other Products",
        "order_by_field": null,
        "page": "1141e9d5-4cfc-ea11-a815-000d3a300e5b",
        "page_widgetid": "3e30fb2b-59fc-ea11-a815-000d3a300e5b",
        "rich_text": null,
        "rich_text_box_image_url": null,
        "rich_text_box_type": null,
        "rich_text_box_video_url": null,
        "rich_text_title": null,
        "show_in": 100000001,
        "show_widget_title": true,
        "text_field": null,
        "title": null,
        "title_field": "205697f8-4ffc-ea11-a815-000d3a300e5b",
        "type": 100000003,
        "widget_order": null
      },
      {
        "button_text": "View",
        "button_url": null,
        "card_type": 100000001,
        "carousel_type": null,
        "custom_css_class": null,
        "data_type": 100000001,
        "dynamic_button_url": true,
        "enable_pagination": true,
        "entity": "97db0de7-4dfc-ea11-a815-000d3a300e5b",
        "html": null,
        "icon_field": null,
        "image_field": "d4de51ca-50fc-ea11-a815-000d3a300e5b",
        "list_type": 100000000,
        "max_item_per_page": null,
        "name": "Our Projects",
        "order_by_field": null,
        "page": "a964405a-4cfc-ea11-a815-000d3a300e5b",
        "page_widgetid": "50a9f91b-5afc-ea11-a815-000d3a300e5b",
        "rich_text": null,
        "rich_text_box_image_url": null,
        "rich_text_box_type": null,
        "rich_text_box_video_url": null,
        "rich_text_title": null,
        "show_in": 100000000,
        "show_widget_title": false,
        "text_field": "cdbdd542-50fc-ea11-a815-000d3a300e5b",
        "title": null,
        "title_field": "93ee0583-50fc-ea11-a815-000d3a300e5b",
        "type": 100000001,
        "widget_order": null
      },
      {
        "button_text": "View",
        "button_url": null,
        "card_type": 100000003,
        "carousel_type": null,
        "custom_css_class": null,
        "data_type": 100000001,
        "dynamic_button_url": true,
        "enable_pagination": false,
        "entity": "97db0de7-4dfc-ea11-a815-000d3a300e5b",
        "html": null,
        "icon_field": null,
        "image_field": "d4de51ca-50fc-ea11-a815-000d3a300e5b",
        "list_type": 100000002,
        "max_item_per_page": null,
        "name": "Other Projects",
        "order_by_field": null,
        "page": "37b03870-4cfc-ea11-a815-000d3a300e5b",
        "page_widgetid": "f7bb5850-5afc-ea11-a815-000d3a300e5b",
        "rich_text": null,
        "rich_text_box_image_url": null,
        "rich_text_box_type": null,
        "rich_text_box_video_url": null,
        "rich_text_title": null,
        "show_in": 100000001,
        "show_widget_title": true,
        "text_field": null,
        "title": null,
        "title_field": "93ee0583-50fc-ea11-a815-000d3a300e5b",
        "type": 100000003,
        "widget_order": null
      },
      {
        "button_text": null,
        "button_url": null,
        "card_type": 100000003,
        "carousel_type": null,
        "custom_css_class": null,
        "data_type": 100000001,
        "dynamic_button_url": true,
        "enable_pagination": false,
        "entity": "97db0de7-4dfc-ea11-a815-000d3a300e5b",
        "html": null,
        "icon_field": null,
        "image_field": "d4de51ca-50fc-ea11-a815-000d3a300e5b",
        "list_type": 100000000,
        "max_item_per_page": null,
        "name": "Project Details",
        "order_by_field": null,
        "page": "37b03870-4cfc-ea11-a815-000d3a300e5b",
        "page_widgetid": "7982bda8-5afc-ea11-a815-000d3a300e5b",
        "rich_text": null,
        "rich_text_box_image_url": null,
        "rich_text_box_type": null,
        "rich_text_box_video_url": null,
        "rich_text_title": null,
        "show_in": 100000000,
        "show_widget_title": false,
        "text_field": "e8f383ad-50fc-ea11-a815-000d3a300e5b",
        "title": null,
        "title_field": "93ee0583-50fc-ea11-a815-000d3a300e5b",
        "type": 100000004,
        "widget_order": null
      },
      {
        "button_text": null,
        "button_url": null,
        "card_type": 100000002,
        "carousel_type": null,
        "custom_css_class": "service-list-widget",
        "data_type": 100000001,
        "dynamic_button_url": true,
        "enable_pagination": true,
        "entity": "425566d4-4dfc-ea11-a815-000d3a300e5b",
        "html": null,
        "icon_field": null,
        "image_field": "10b3e126-51fc-ea11-a815-000d3a300e5b",
        "list_type": 100000000,
        "max_item_per_page": 8,
        "name": "Service List",
        "order_by_field": null,
        "page": "d541ff07-4cfc-ea11-a815-000d3a300e5b",
        "page_widgetid": "6552c2ea-5afc-ea11-a815-000d3a300e5b",
        "rich_text": null,
        "rich_text_box_image_url": null,
        "rich_text_box_type": null,
        "rich_text_box_video_url": null,
        "rich_text_title": null,
        "show_in": 100000000,
        "show_widget_title": false,
        "text_field": null,
        "title": null,
        "title_field": "8a90c4ec-50fc-ea11-a815-000d3a300e5b",
        "type": 100000001,
        "widget_order": null
      },
      {
        "button_text": null,
        "button_url": null,
        "card_type": 100000003,
        "carousel_type": null,
        "custom_css_class": null,
        "data_type": 100000001,
        "dynamic_button_url": true,
        "enable_pagination": false,
        "entity": "425566d4-4dfc-ea11-a815-000d3a300e5b",
        "html": null,
        "icon_field": null,
        "image_field": null,
        "list_type": 100000000,
        "max_item_per_page": null,
        "name": "Service Detail",
        "order_by_field": null,
        "page": "e31a5b24-4cfc-ea11-a815-000d3a300e5b",
        "page_widgetid": "709a441a-5bfc-ea11-a815-000d3a300e5b",
        "rich_text": null,
        "rich_text_box_image_url": null,
        "rich_text_box_type": null,
        "rich_text_box_video_url": null,
        "rich_text_title": null,
        "show_in": 100000000,
        "show_widget_title": false,
        "text_field": "5c32d719-51fc-ea11-a815-000d3a300e5b",
        "title": null,
        "title_field": "8a90c4ec-50fc-ea11-a815-000d3a300e5b",
        "type": 100000004,
        "widget_order": null
      },
      {
        "button_text": "View",
        "button_url": null,
        "card_type": 100000003,
        "carousel_type": null,
        "custom_css_class": "sidebar-list",
        "data_type": 100000001,
        "dynamic_button_url": true,
        "enable_pagination": false,
        "entity": "425566d4-4dfc-ea11-a815-000d3a300e5b",
        "html": null,
        "icon_field": null,
        "image_field": "10b3e126-51fc-ea11-a815-000d3a300e5b",
        "list_type": 100000001,
        "max_item_per_page": null,
        "name": "Other Services",
        "order_by_field": null,
        "page": "e31a5b24-4cfc-ea11-a815-000d3a300e5b",
        "page_widgetid": "94a1d14c-5bfc-ea11-a815-000d3a300e5b",
        "rich_text": null,
        "rich_text_box_image_url": null,
        "rich_text_box_type": null,
        "rich_text_box_video_url": null,
        "rich_text_title": null,
        "show_in": 100000001,
        "show_widget_title": true,
        "text_field": null,
        "title": null,
        "title_field": "8a90c4ec-50fc-ea11-a815-000d3a300e5b",
        "type": 100000003,
        "widget_order": null
      },
      {
        "button_text": null,
        "button_url": null,
        "card_type": 100000003,
        "carousel_type": null,
        "custom_css_class": "product-list",
        "data_type": 100000001,
        "dynamic_button_url": true,
        "enable_pagination": true,
        "entity": "490b030b-4efc-ea11-a815-000d3a300e5b",
        "html": null,
        "icon_field": null,
        "image_field": "5f406355-50fc-ea11-a815-000d3a300e5b",
        "list_type": 100000000,
        "max_item_per_page": 4,
        "name": "Our Products",
        "order_by_field": null,
        "page": "6f1e62bb-4cfc-ea11-a815-000d3a300e5b",
        "page_widgetid": "9b32aa68-7dfc-ea11-a815-000d3a300e5b",
        "rich_text": null,
        "rich_text_box_image_url": null,
        "rich_text_box_type": null,
        "rich_text_box_video_url": null,
        "rich_text_title": null,
        "show_in": 100000000,
        "show_widget_title": false,
        "text_field": "cdbdd542-50fc-ea11-a815-000d3a300e5b",
        "title": null,
        "title_field": "205697f8-4ffc-ea11-a815-000d3a300e5b",
        "type": 100000001,
        "widget_order": null
      },
      {
        "button_text": null,
        "button_url": null,
        "card_type": 100000003,
        "carousel_type": null,
        "custom_css_class": "payment-form",
        "data_type": 100000003,
        "dynamic_button_url": true,
        "enable_pagination": false,
        "entity": null,
        "html": "\n<div class=\"row\">\n  <div class=\"col-md-4 mx-auto\">\n    <form class=\"card\" id=\"main-form\">\n      <div class=\"card-header\">\n          <strong>Credit Card</strong>\n          <small>enter your card details</small>\n      </div>\n      <div class=\"card-body\">\n          <div class=\"row\">\n              <div class=\"col-sm-12\">\n                  <div class=\"form-group\">\n                      <label for=\"name\">Name</label>\n                      <input class=\"form-control\" id=\"name\" type=\"text\" placeholder=\"Enter your name\">\n                  </div>\n              </div>\n          </div>\n          <div class=\"row\">\n              <div class=\"col-sm-12\">\n                  <div class=\"form-group\">\n                      <label for=\"ccnumber\">Credit Card Number</label>\n                      <input class=\"form-control\" type=\"text\" placeholder=\"0000 0000 0000 0000\" autocomplete=\"email\">\n                  </div>\n              </div>\n          </div>\n          <div class=\"row\">\n              <div class=\"form-group col-sm-4\">\n                  <label for=\"ccmonth\">Month</label>\n                  <select class=\"form-control\" id=\"ccmonth\">\n                      <option>1</option>\n                      <option>2</option>\n                      <option>3</option>\n                      <option>4</option>\n                      <option>5</option>\n                      <option>6</option>\n                      <option>7</option>\n                      <option>8</option>\n                      <option>9</option>\n                      <option>10</option>\n                      <option>11</option>\n                      <option>12</option>\n                  </select>\n              </div>\n              <div class=\"form-group col-sm-4\">\n                  <label for=\"ccyear\">Year</label>\n                  <select class=\"form-control\" id=\"ccyear\">\n                      <option>2014</option>\n                      <option>2015</option>\n                      <option>2016</option>\n                      <option>2017</option>\n                      <option>2018</option>\n                      <option>2019</option>\n                      <option>2020</option>\n                      <option>2021</option>\n                      <option>2022</option>\n                      <option>2023</option>\n                      <option>2024</option>\n                      <option>2025</option>\n                  </select>\n              </div>\n              <div class=\"col-sm-4\">\n                  <div class=\"form-group\">\n                      <label for=\"cvv\">CVV/CVC</label>\n                      <input class=\"form-control\" id=\"cvv\" type=\"text\" placeholder=\"123\">\n                  </div>\n              </div>\n          </div>\n      </div>\n      <div class=\"card-footer\">\n          <button class=\"btn btn-sm btn-success float-right\" type=\"submit\" id=\"submit-button\">\n              <i class=\"mdi mdi-gamepad-circle\"></i> Continue</button>\n          <button class=\"btn btn-sm btn-danger\" type=\"reset\">\n              <i class=\"mdi mdi-lock-reset\"></i> Reset</button>\n      </div>\n    </form>\n  </div>\n</div>\n\n\n<script>\n  (function(){\n  /**\n   * @type {HTMLFormElement}\n   */\n      var form = document.getElementById('main-form');\n      var submitButton = document.getElementById('submit-button');\n      console.log({form, submitButton})\n      form.addEventListener('submit', function(e){\n          e.preventDefault();\n          submitButton.innerHTML = 'Working...';\n          submitButton.disabled = true;\n          var elements = form.elements;\n          var data = {};\n          for(var i=0; i<elements.length; i++){\n              data[elements.item(i).name] = elements.item(i).value;\n          }\n          setTimeout(function(){\n              alert('Payment complete');\n              submitButton.innerHTML = 'Submit';\n              submitButton.disabled = false;\n              form.reset();\n          },3000);\n      });\n})();\n\n</script>\n",
        "icon_field": null,
        "image_field": null,
        "list_type": 100000000,
        "max_item_per_page": null,
        "name": "Easy Payment",
        "order_by_field": null,
        "page": "d12de4e0-d7fc-ea11-a815-000d3a300e5b",
        "page_widgetid": "792a0bb4-d8fc-ea11-a815-000d3a300e5b",
        "rich_text": "\n\n",
        "rich_text_box_image_url": null,
        "rich_text_box_type": null,
        "rich_text_box_video_url": null,
        "rich_text_title": null,
        "show_in": 100000000,
        "show_widget_title": true,
        "text_field": null,
        "title": null,
        "title_field": null,
        "type": null,
        "widget_order": null
      }
    ],
    "error": false
  },
  "partners": {
    "data": [
      {
        "name": "Microsoft",
        "category": null,
        "excerpt": null,
        "image_url": "assets/images/partner-1.png",
        "partnerid": "25b3152d-e63f-eb11-a813-000d3a300e5b"
      },
      {
        "name": "Adobe",
        "category": null,
        "excerpt": null,
        "image_url": "assets/images/partner-2.png",
        "partnerid": "f3526d33-e63f-eb11-a813-000d3a300e5b"
      },
      {
        "name": "KPMG",
        "category": null,
        "excerpt": null,
        "image_url": "assets/images/partner-3.png",
        "partnerid": "0f7e7639-e63f-eb11-a813-000d3a300e5b"
      },
      {
        "name": "ACQUIA",
        "category": null,
        "excerpt": null,
        "image_url": "assets/images/partner-4.png",
        "partnerid": "5047b63f-e63f-eb11-a813-000d3a300e5b"
      },
      {
        "name": "SalesForce",
        "category": null,
        "excerpt": null,
        "image_url": "assets/images/partner-5.png",
        "partnerid": "5747b63f-e63f-eb11-a813-000d3a300e5b"
      },
      {
        "name": "Appian",
        "category": null,
        "excerpt": null,
        "image_url": "assets/images/partner-6.png",
        "partnerid": "657c2247-e63f-eb11-a813-000d3a300e5b"
      }
    ],
    "error": false
  },
  "projects": {
    "data": [
      {
        "name": "8(a) Sole Source",
        "excerpt": "MERP Systems is a certified SBA 8(a) program participant through 2025. As authorized by FAR 19.8",
        "image_url": "assets/images/sba.jpg",
        "secondary_title": null,
        "projectid": "5f3e9d2f-0a3f-eb11-a813-000d3a300e5b"
      },
      {
        "name": "GSA IT Schedule 70",
        "excerpt": "Through Schedule 70, MERP offers competitive rates across a diverse range of labor categories to",
        "image_url": "assets/images/gsas.png",
        "secondary_title": null,
        "projectid": "8f43844b-0a3f-eb11-a813-000d3a300e5b"
      }
    ],
    "error": false
  },
  "services": {
    "data": [
      {
        "name": "Agile Program and Project Management",
        "detail": null,
        "excerpt": null,
        "icon": null,
        "image_url": "assets/images/service-1.png",
        "secondary_title": null,
        "serviceid": "066a65ef-e23f-eb11-a813-000d3a300e5b"
      },
      {
        "name": "Microsoft Power Platform & Dynamics 365",
        "detail": null,
        "excerpt": null,
        "icon": null,
        "image_url": "assets/images/service-2.png",
        "secondary_title": null,
        "serviceid": "09400afd-e23f-eb11-a813-000d3a300e5b"
      },
      {
        "name": "Adobe Forms Conversion",
        "detail": null,
        "excerpt": null,
        "icon": null,
        "image_url": "assets/images/service-3.png",
        "secondary_title": null,
        "serviceid": "80bb110a-e33f-eb11-a813-000d3a300e5b"
      },
      {
        "name": "DevOps Platform",
        "detail": null,
        "excerpt": null,
        "icon": null,
        "image_url": "assets/images/service-4.png",
        "secondary_title": null,
        "serviceid": "620e7a10-e33f-eb11-a813-000d3a300e5b"
      },
      {
        "name": "Digital Transformation",
        "detail": null,
        "excerpt": null,
        "icon": null,
        "image_url": "assets/images/service-5.png",
        "secondary_title": null,
        "serviceid": "60a78b17-e33f-eb11-a813-000d3a300e5b"
      },
      {
        "name": "311 Offerings",
        "detail": null,
        "excerpt": null,
        "icon": null,
        "image_url": "assets/images/service-6.png",
        "secondary_title": null,
        "serviceid": "0dbdd91d-e33f-eb11-a813-000d3a300e5b"
      }
    ],
    "error": false
  },
  "slider_items": {
    "data": [
      {
        "name": "Slider 1",
        "button_text": "Learn More",
        "button_url": "/about",
        "image": "assets/images/slide2.png",
        "slider_itemid": "d0c44da0-d619-eb11-a813-000d3a300e5b",
        "text": "Empowering and Engaging your customers",
        "title": "Microsoft Dynamics 365"
      },
      {
        "name": "Slider 2",
        "button_text": null,
        "button_url": null,
        "image": "assets/images/slide1.png",
        "slider_itemid": "365aa7c0-d619-eb11-a813-000d3a300e5b",
        "text": "Optimizing your organization’s Parature Investments",
        "title": "Parature Migration Framework"
      },
      {
        "name": "Slider 3",
        "button_text": "Learn More",
        "button_url": "/About",
        "image": "assets/images/slide4.png",
        "slider_itemid": "83d02ce7-d619-eb11-a813-000d3a300e5b",
        "text": "Seeking common ground builds trust and confidence, the harbingers of progress and growth.",
        "title": "Legacy Systems Management & Rationalization"
      },
      {
        "name": "Slide 4",
        "button_text": null,
        "button_url": null,
        "image": "assets/images/slide3.jpg",
        "slider_itemid": "77563207-f33e-eb11-a813-000d3a300e5b",
        "text": "Woman Owned Enterprise and E- verified Company",
        "title": "8(a) Certified"
      }
    ],
    "error": false
  }
}
